,Survey,StartDate,EndDate,Progress,Duration,Finished,Courses,Consent1,Consent2,A1,A2,A3,A4,R1,A5,A6,A7,A8,R2,Feedback,Major,Year,Sex,VSD,NUPath,Philosophy,Attendance,Time,ID,course,course_name,crit_1,crit_2,crit_3,crit_4,crit_6,crit_7,crit_5,is_not_null
1,Post-Module_Fl21_CS4100-1_Marsella,12/2/21 14:57,12/2/21 14:59,100,120,TRUE,CS4100 Artificial Intelligence (Stacy Marsella),Yes,,4,5,1,5,2,5,5,5,4,4,,Computer Science,4,Male,I'm not sure,PHIL 1145: Technology and Human Values,No,1,Less than 30 minutes,A108,cs4100,CS4100-1,True,True,True,True,True,True,True,True
2,Post-Module_Fl21_CS4100-1_Marsella,12/2/21 14:56,12/2/21 15:00,100,269,TRUE,CS4100 Artificial Intelligence (Stacy Marsella),Yes,,5,5,2,5,1,4,5,5,4,4,,Computer Science,4,Female,I'm not sure,PHIL 1145: Technology and Human Values,No,1,Less than 30 minutes,A190,cs4100,CS4100-1,True,True,True,True,True,True,True,True
4,Post-Module_Fl21_CS4100-1_Marsella,12/2/21 14:54,12/2/21 15:01,100,407,TRUE,CS4100 Artificial Intelligence (Stacy Marsella),Yes,,5,5,1,5,5,4,4,4,4,1,"The module could be improved by modifying it to more closely match the material discussed in class. For example, the VSD module mainly discussed examples in machine learningâ€”while machine learning was only briefly covered in one lecture (and no homework materials covered the topic). It may be more effective if we discuss VSD in the context of the topics emphasized in the rest of the course.",Computer Engineering and Computer Science,4,Male,No,"None, or I'm not sure",No,2,Less than 30 minutes,A38,cs4100,CS4100-1,True,True,True,True,True,True,True,True
5,Post-Module_Fl21_CS4100-1_Marsella,12/2/21 15:01,12/2/21 15:04,100,174,TRUE,CS4100 Artificial Intelligence (Stacy Marsella),Yes,,5,5,1,5,1,4,4,4,3,2,,Ce cs,5+,Male,I'm not sure,"None, or I'm not sure",No,1,Less than 30 minutes,A302,cs4100,CS4100-1,True,True,True,True,True,True,True,True
7,Post-Module_Fl21_CS4100-1_Marsella,12/2/21 15:06,12/2/21 15:09,100,164,TRUE,CS4100 Artificial Intelligence (Stacy Marsella),Yes,,3,5,1,5,4,3,3,4,4,1,,CS and Math,4,Male,I'm not sure,PHIL 1145: Technology and Human Values,Yes,2,Less than 30 minutes,A247,cs4100,CS4100-1,True,True,True,True,True,True,True,True
8,Post-Module_Fl21_CS4100-1_Marsella,12/2/21 15:08,12/2/21 15:10,100,136,TRUE,CS4100 Artificial Intelligence (Stacy Marsella),Yes,,5,5,1,5,1,5,5,5,4,3,,Computer Science,5+,Male,No,PHIL 1145: Technology and Human Values,No,2,Less than 30 minutes,A338,cs4100,CS4100-1,True,True,True,True,True,True,True,True
10,Post-Module_Fl21_CS4100-1_Marsella,12/2/21 15:12,12/2/21 15:15,100,187,TRUE,CS4100 Artificial Intelligence (Stacy Marsella),Yes,,4,4,3,4,5,4,4,3,4,2,,Computer Science,4,Male,No,PHIL 1145: Technology and Human Values,No,2,Less than 30 minutes,A101,cs4100,CS4100-1,True,True,True,True,True,True,True,True
11,Post-Module_Fl21_CS4100-1_Marsella,12/2/21 15:28,12/2/21 15:30,100,150,TRUE,CS4100 Artificial Intelligence (Stacy Marsella),Yes,,5,4,1,5,4,5,4,3,4,2,,Computer Science and Mathematics,4,Male,No,PHIL 1145: Technology and Human Values,Yes,1,Less than 30 minutes,A143,cs4100,CS4100-1,True,True,True,True,True,True,True,True
13,Post-Module_Fl21_CS4100-1_Marsella,12/2/21 15:49,12/2/21 15:52,100,199,TRUE,CS4100 Artificial Intelligence (Stacy Marsella),Yes,,5,5,1,5,1,5,5,5,5,5,,cs,5+,Female,Yes,PHIL 1145: Technology and Human Values,No,2,Less than 30 minutes,A218,cs4100,CS4100-1,True,True,True,True,True,True,True,True
15,Post-Module_Fl21_CS4100-1_Marsella,12/2/21 15:56,12/2/21 16:01,100,306,TRUE,CS4100 Artificial Intelligence (Stacy Marsella),Yes,,5,4,2,5,4,4,4,3,5,3,,Computer Science,5+,Male,No,PHIL 1145: Technology and Human Values,Yes,2,Less than 30 minutes,A209,cs4100,CS4100-1,True,True,True,True,True,True,True,True
17,Post-Module_Fl21_CS4100-1_Marsella,12/2/21 17:22,12/2/21 17:26,100,241,TRUE,CS4100 Artificial Intelligence (Stacy Marsella),Yes,,4,4,2,4,5,4,4,4,3,3,I really enjoyed learning from Prof. Magnani! She provided information in a very thought-provoking and enlightening manner. I don't have any suggestoins.,Computer Science and Business Administration,4,Female,No,PHIL 1145: Technology and Human Values,No,1,More than 3 hours,A320,cs4100,CS4100-1,True,True,True,True,True,True,True,True
18,Post-Module_Fl21_CS4100-1_Marsella,12/2/21 17:34,12/2/21 17:37,100,166,TRUE,CS4100 Artificial Intelligence (Stacy Marsella),Yes,,5,5,1,5,2,4,5,4,4,3,,Computer Science,5+,Male,I'm not sure,PHIL 1145: Technology and Human Values,No,2,Less than 30 minutes,A343,cs4100,CS4100-1,True,True,True,True,True,True,True,True
21,Post-Module_Fl21_CS4100-1_Marsella,12/2/21 21:32,12/2/21 21:34,100,107,TRUE,CS4100 Artificial Intelligence (Stacy Marsella),Yes,,5,5,1,5,3,5,5,5,5,5,"No, it is already a very informative module","Computer Engineering, Computer Science",4,Male,No,"None, or I'm not sure",No,2,Less than 30 minutes,A321,cs4100,CS4100-1,True,True,True,True,True,True,True,True
24,Post-Module_Fl21_CS4100-1_Marsella,12/3/21 9:30,12/3/21 9:33,100,212,TRUE,CS4100 Artificial Intelligence (Stacy Marsella),Yes,,4,4,2,4,5,4,5,4,4,1,,Computer Science,2,Male,No,IS 1300/PHIL 1300: Knowledge in a Digital World,No,1,1 -2 hours,A191,cs4100,CS4100-1,True,True,True,True,True,True,True,True
25,Post-Module_Fl21_CS4100-1_Marsella,12/3/21 10:43,12/3/21 10:45,100,105,TRUE,CS4100 Artificial Intelligence (Stacy Marsella),Yes,,5,5,1,5,2,5,5,4,5,4,,Data science/neuroscience,4,Male,No,"None, or I'm not sure",Yes,2,Less than 30 minutes,A230,cs4100,CS4100-1,True,True,True,True,True,True,True,True
26,Post-Module_Fl21_CS4100-1_Marsella,12/3/21 13:59,12/3/21 14:02,100,159,TRUE,CS4100 Artificial Intelligence (Stacy Marsella),Yes,,4,5,1,5,5,4,4,4,4,2,,CS,5+,Male,I'm not sure,PHIL 1145: Technology and Human Values,Yes,1,30 minutes - 1 hour,A294,cs4100,CS4100-1,True,True,True,True,True,True,True,True
27,Post-Module_Fl21_CS4100-1_Marsella,12/3/21 15:36,12/3/21 15:37,100,91,TRUE,CS4100 Artificial Intelligence (Stacy Marsella),Yes,,4,4,2,4,4,3,4,4,3,3,,Computer Science,5+,Male,No,PHIL 1145: Technology and Human Values,No,1,1 -2 hours,A39,cs4100,CS4100-1,True,True,True,True,True,True,True,True
29,Post-Module_Fl21_CS4100-1_Marsella,12/5/21 0:18,12/5/21 0:21,100,192,TRUE,CS4100 Artificial Intelligence (Stacy Marsella),Yes,,2,4,3,4,5,5,5,4,3,2,,Computer Science,2,Male,No,PHIL 1145: Technology and Human Values,No,2,Less than 30 minutes,A376,cs4100,CS4100-1,True,True,True,True,True,True,True,True
32,Post-Module_Fl21_CS4100-2_Wong,12/7/21 11:30,12/7/21 11:34,100,221,TRUE,CS4100 Artificial Intelligence (Lawson Wong),Yes,,4,4,3,5,4,4,4,4,4,3,,Computer science cog psychology,5+,Female,No,PHIL 1145: Technology and Human Values,No,2,1 -2 hours,A327,cs4100,CS4100-2,True,True,True,True,True,True,True,True
34,Post-Module_Fl21_CS4100-2_Wong,12/7/21 12:24,12/7/21 12:28,100,246,TRUE,CS4100 Artificial Intelligence (Lawson Wong),Yes,,5,5,1,5,5,2,4,4,3,1,No,Computer Science,3,Male,No,"None, or I'm not sure",No,2,30 minutes - 1 hour,A336,cs4100,CS4100-2,True,True,True,True,True,True,True,True
35,Post-Module_Fl21_CS4100-2_Wong,12/7/21 13:34,12/7/21 13:36,100,151,TRUE,"CS4100 Artificial Intelligence (Stacy Marsella),CS4550 Web Development (Jose Annunziato)",Yes,,4,3,4,1,4,2,3,2,3,1,,Computer Science,2,Male,No,PHIL 1145: Technology and Human Values,Yes,2,30 minutes - 1 hour,A53,cs4100,CS4100-2,True,True,True,True,True,True,True,True
36,Post-Module_Fl21_CS4100-2_Wong,12/7/21 13:34,12/7/21 13:37,100,221,TRUE,CS4100 Artificial Intelligence (Lawson Wong),Yes,,4,4,4,5,3,5,5,5,5,5,"no, i think the module is good enough",Psychology,4,Female,No,"None, or I'm not sure",No,2,2 - 3 hours,A291,cs4100,CS4100-2,True,True,True,True,True,True,True,True
38,Post-Module_Fl21_CS4100-2_Wong,12/7/21 13:38,12/7/21 13:40,100,115,TRUE,CS4100 Artificial Intelligence (Lawson Wong),Yes,,5,5,1,5,5,5,5,5,5,5,no,Computer Science,3,Male,No,PHIL 1145: Technology and Human Values,Yes,2,2 - 3 hours,A409,cs4100,CS4100-2,True,True,True,True,True,True,True,True
39,Post-Module_Fl21_CS4100-2_Wong,12/7/21 13:38,12/7/21 13:40,100,166,TRUE,CS4100 Artificial Intelligence (Lawson Wong),Yes,,5,5,1,5,3,4,5,4,4,3,,Computer Science,3,Male,Yes,"INSH 2102: Bostonography: The City through Data, Texts, Maps, and Networks",No,1,30 minutes - 1 hour,A293,cs4100,CS4100-2,True,True,True,True,True,True,True,True
42,Post-Module_Fl21_CS4100-2_Wong,12/7/21 13:37,12/7/21 13:41,100,249,TRUE,CS4100 Artificial Intelligence (Lawson Wong),Yes,,5,5,5,5,4,5,4,3,4,3,could have more group work possibly?,"Computer Science, Music",3,Female,Yes,PHIL 1145: Technology and Human Values,No,1,Less than 30 minutes,A51,cs4100,CS4100-2,True,True,True,True,True,True,True,True
43,Post-Module_Fl21_CS4100-2_Wong,12/7/21 13:38,12/7/21 13:41,100,199,TRUE,CS4100 Artificial Intelligence (Lawson Wong),Yes,,2,5,2,5,4,4,4,4,4,2,,Computer Science & Cognitive Psychology,3,Female,Yes,"None, or I'm not sure",No,2,1 -2 hours,A369,cs4100,CS4100-2,True,True,True,True,True,True,True,True
44,Post-Module_Fl21_CS4100-2_Wong,12/7/21 13:38,12/7/21 13:41,100,227,TRUE,CS4100 Artificial Intelligence (Lawson Wong),Yes,,5,5,1,5,4,4,5,4,4,2,"For the programming aspect, we could have a mock/toy programming assignment that forces us to consider ethics in it.",Computer Science,3,Male,I'm not sure,"None, or I'm not sure",Yes,2,2 - 3 hours,A171,cs4100,CS4100-2,True,True,True,True,True,True,True,True
46,Post-Module_Fl21_CS4100-2_Wong,12/7/21 13:38,12/7/21 13:45,100,416,TRUE,CS4100 Artificial Intelligence (Lawson Wong),Yes,,5,5,2,4,4,5,5,5,5,3,"No, I don't have any suggestions currently.",Computer Science,2,Male,No,PHIL 1145: Technology and Human Values,No,2,2 - 3 hours,A311,cs4100,CS4100-2,True,True,True,True,True,True,True,True
47,Post-Module_Fl21_CS4100-2_Wong,12/7/21 13:40,12/7/21 13:48,100,489,TRUE,CS4100 Artificial Intelligence (Lawson Wong),Yes,,3,5,2,4,4,4,4,4,4,2,,Computer Science,3,Male,No,"INSH 2102: Bostonography: The City through Data, Texts, Maps, and Networks",Yes,2,Less than 30 minutes,A60,cs4100,CS4100-2,True,True,True,True,True,True,True,True
48,Post-Module_Fl21_CS4100-2_Wong,12/7/21 13:42,12/7/21 13:48,100,397,TRUE,CS4100 Artificial Intelligence (Lawson Wong),Yes,,4,5,1,5,1,4,4,4,4,3,,Computer Science,3,Male,Yes,PHIL 1145: Technology and Human Values,No,2,30 minutes - 1 hour,A356,cs4100,CS4100-2,True,True,True,True,True,True,True,True
49,Post-Module_Fl21_CS4100-2_Wong,12/7/21 13:50,12/7/21 13:55,100,297,TRUE,CS4100 Artificial Intelligence (Lawson Wong),No,"No, I would like to take the survey.",5,4,2,5,5,3,4,2,2,1,,Computer Science,2,Male,No,SOCL 4528: Computers and Society,No,2,1 -2 hours,A325,cs4100,CS4100-2,True,True,True,True,True,True,True,True
50,Post-Module_Fl21_CS4100-2_Wong,12/7/21 13:41,12/7/21 14:08,100,1639,TRUE,CS4100 Artificial Intelligence (Lawson Wong),Yes,,4,4,2,3,2,2,3,3,3,2,,Computer Science,4,Male,No,PHIL 1145: Technology and Human Values,No,1,Less than 30 minutes,A73,cs4100,CS4100-2,True,True,True,True,True,True,True,True
51,Post-Module_Fl21_CS4100-2_Wong,12/7/21 14:24,12/7/21 14:30,100,327,TRUE,CS4100 Artificial Intelligence (Lawson Wong),Yes,,5,4,1,5,1,4,4,5,3,2,,Finance,4,Male,No,"None, or I'm not sure",No,2,1 -2 hours,A213,cs4100,CS4100-2,True,True,True,True,True,True,True,True
52,Post-Module_Fl21_CS4100-2_Wong,12/7/21 16:46,12/7/21 16:49,100,182,TRUE,CS4100 Artificial Intelligence (Lawson Wong),Yes,,2,2,1,4,3,1,3,1,3,1,No,Cecs,4,Male,No,"None, or I'm not sure",No,2,Less than 30 minutes,A222,cs4100,CS4100-2,True,True,True,True,True,True,True,True
53,Post-Module_Fl21_CS4100-2_Wong,12/7/21 21:47,12/7/21 21:49,100,127,TRUE,CS4100 Artificial Intelligence (Lawson Wong),Yes,,3,2,2,2,5,2,2,2,3,1,,Computer Science,2,Male,No,SOCL 4528: Computers and Society,Yes,1,30 minutes - 1 hour,A72,cs4100,CS4100-2,True,True,True,True,True,True,True,True
54,Post-Module_Fl21_CS4100-2_Wong,12/8/21 8:22,12/8/21 8:25,100,159,TRUE,CS4100 Artificial Intelligence (Lawson Wong),Yes,,4,5,1,4,5,5,5,5,5,3,,CS+BNS,2,Male,No,"None, or I'm not sure",No,1,30 minutes - 1 hour,A68,cs4100,CS4100-2,True,True,True,True,True,True,True,True
55,Post-Module_Fl21_CS4100-2_Wong,12/8/21 14:37,12/8/21 14:40,100,152,TRUE,CS4100 Artificial Intelligence (Lawson Wong),Yes,,4,4,2,5,5,5,4,4,2,2,,Computer Science,4,Male,No,PHIL 1145: Technology and Human Values,Yes,1,1 -2 hours,A102,cs4100,CS4100-2,True,True,True,True,True,True,True,True
56,Post-Module_Fl21_CS4100-2_Wong,12/8/21 15:34,12/8/21 15:38,100,214,TRUE,CS4100 Artificial Intelligence (Lawson Wong),Yes,,4,4,2,5,5,5,5,5,4,3,No,Computer Science,2,Male,No,IS 1300/PHIL 1300: Knowledge in a Digital World,No,2,1 -2 hours,A358,cs4100,CS4100-2,True,True,True,True,True,True,True,True
57,Post-Module_Fl21_CS4100-2_Wong,12/8/21 19:29,12/8/21 19:32,100,203,TRUE,CS4100 Artificial Intelligence (Lawson Wong),Yes,,5,5,1,5,1,4,5,4,5,3,No. I generally enjoyed the module and found it helpful,Computer Science and Mathematics,4,Female,No,PHIL 1145: Technology and Human Values,Yes,2,Less than 30 minutes,A307,cs4100,CS4100-2,True,True,True,True,True,True,True,True
59,Post-Module_Fl21_CS4100-2_Wong,12/9/21 15:28,12/9/21 15:32,100,217,TRUE,CS4100 Artificial Intelligence (Lawson Wong),Yes,,5,5,1,5,4,5,5,5,4,1,,"Computer Science, Mathematics",4,Male,I'm not sure,PHIL 1145: Technology and Human Values,No,1,30 minutes - 1 hour,A413,cs4100,CS4100-2,True,True,True,True,True,True,True,True
60,Post-Module_Fl21_CS4100-2_Wong,12/9/21 15:34,12/9/21 15:39,100,280,TRUE,CS4100 Artificial Intelligence (Lawson Wong),Yes,,5,5,1,4,5,1,2,4,4,1,"This is about my 3rd or 4th bare-bones introduction to Value Sensitive Design, throughout 3 or 4 different classes. If VSD was a module in an earlier course, required by all CS students, and not a bunch of different, higher-level courses, it would be more effective.",Computer Science,3,Male,Yes,PHIL 1145: Technology and Human Values,Yes,2,Less than 30 minutes,A22,cs4100,CS4100-2,True,True,True,True,True,True,True,True
61,Post-Module_Fl21_CS4100-2_Wong,12/9/21 16:09,12/9/21 16:12,100,136,TRUE,CS4100 Artificial Intelligence (Lawson Wong),Yes,,4,5,1,4,1,5,5,4,3,1,,computer science & math ,3,Female,No,"INSH 2102: Bostonography: The City through Data, Texts, Maps, and Networks",No,2,1 -2 hours,A333,cs4100,CS4100-2,True,True,True,True,True,True,True,True
63,Post-Module_Fl21_CS4100-2_Wong,12/10/21 1:28,12/10/21 1:31,100,154,TRUE,CS4100 Artificial Intelligence (Lawson Wong),Yes,,5,4,2,3,5,3,4,3,4,1,,Computer Science,3,Male,No,PHIL 1145: Technology and Human Values,No,1,1 -2 hours,A431,cs4100,CS4100-2,True,True,True,True,True,True,True,True
64,Post-Module_Fl21_CS4100-2_Wong,12/10/21 11:50,12/10/21 11:52,100,107,TRUE,CS4100 Artificial Intelligence (Lawson Wong),Yes,,4,4,3,3,5,4,4,4,4,3,,"Computer Science (Major), Psychology (Minor)",2,Male,I'm not sure,IS 1300/PHIL 1300: Knowledge in a Digital World,No,2,Less than 30 minutes,A334,cs4100,CS4100-2,True,True,True,True,True,True,True,True
66,Post-Module_Fl21_CS4100-2_Wong,12/10/21 13:31,12/10/21 13:39,100,493,TRUE,CS4100 Artificial Intelligence (Lawson Wong),Yes,,5,5,1,5,4,4,4,4,4,2,,Computer Science,4,Male,No,PHIL 1145: Technology and Human Values,No,1,30 minutes - 1 hour,A1,cs4100,CS4100-2,True,True,True,True,True,True,True,True
67,Post-Module_Fl21_CS4100-2_Wong,12/10/21 14:25,12/10/21 14:27,100,156,TRUE,CS4100 Artificial Intelligence (Lawson Wong),Yes,,4,5,2,4,5,4,4,4,4,4,,Computer science,2,Male,No,HIST 2220: History of Technology,No,2,Less than 30 minutes,A390,cs4100,CS4100-2,True,True,True,True,True,True,True,True
70,Post-Module_Fl21_CS4100-2_Wong,12/10/21 15:00,12/10/21 15:02,100,104,TRUE,CS4100 Artificial Intelligence (Lawson Wong),Yes,,5,5,1,5,2,5,5,4,5,2,,Computer Science,2,Male,Yes,PHIL 1145: Technology and Human Values,No,2,30 minutes - 1 hour,A75,cs4100,CS4100-2,True,True,True,True,True,True,True,True
72,Post-Module_Fl21_CS4100-2_Wong,12/10/21 16:22,12/10/21 16:26,100,230,TRUE,CS4100 Artificial Intelligence (Lawson Wong),Yes,,4,4,1,4,4,4,4,4,4,3,,Computer Science,5+,Male,I'm not sure,PHIL 1145: Technology and Human Values,No,1,Less than 30 minutes,A324,cs4100,CS4100-2,True,True,True,True,True,True,True,True
74,Post-Module_Fl21_CS4100-2_Wong,12/10/21 16:40,12/10/21 16:42,100,113,TRUE,CS4100 Artificial Intelligence (Lawson Wong),Yes,,5,4,1,4,5,4,4,4,2,4,,Computer Science and Mathematics,2,Male,I'm not sure,PHIL 1145: Technology and Human Values,Yes,1,30 minutes - 1 hour,A182,cs4100,CS4100-2,True,True,True,True,True,True,True,True
76,Post-Module_Fl21_CS4100-2_Wong,12/10/21 16:52,12/10/21 16:56,100,222,TRUE,CS4100 Artificial Intelligence (Lawson Wong),Yes,,1,4,1,4,3,4,2,3,4,3,"No
",Computer Science,3,Male,Yes,PHIL 1145: Technology and Human Values,No,1,1 -2 hours,A11,cs4100,CS4100-2,True,True,True,True,True,True,True,True
81,Post-Module_Fl21_CS4100-2_Wong,12/10/21 18:12,12/10/21 18:16,100,238,TRUE,CS4100 Artificial Intelligence (Lawson Wong),Yes,,5,5,1,5,4,5,4,5,5,4,,Computer Science and Economics,3,Male,No,"None, or I'm not sure",Yes,2,30 minutes - 1 hour,A353,cs4100,CS4100-2,True,True,True,True,True,True,True,True
82,Post-Module_Fl21_CS4100-2_Wong,12/10/21 18:18,12/10/21 18:21,100,186,TRUE,CS4100 Artificial Intelligence (Lawson Wong),Yes,,4,4,2,4,2,4,4,3,4,3,None.,Computer Science,2,Male,No,PHIL 1145: Technology and Human Values,No,2,30 minutes - 1 hour,A202,cs4100,CS4100-2,True,True,True,True,True,True,True,True
83,Post-Module_Fl21_CS4100-2_Wong,12/10/21 18:20,12/10/21 18:22,100,128,TRUE,CS4100 Artificial Intelligence (Lawson Wong),Yes,,5,4,2,4,5,5,5,5,5,3,,Computer Engineering,4,Male,No,"None, or I'm not sure",No,2,1 -2 hours,A212,cs4100,CS4100-2,True,True,True,True,True,True,True,True
84,Post-Module_Fl21_CS4100-2_Wong,12/10/21 18:47,12/10/21 18:49,100,116,TRUE,CS4100 Artificial Intelligence (Lawson Wong),Yes,,5,5,4,4,5,4,4,3,4,3,,Computer Engineering & Computer Science,4,Male,No,"None, or I'm not sure",No,1,30 minutes - 1 hour,A344,cs4100,CS4100-2,True,True,True,True,True,True,True,True
85,Post-Module_Fl21_CS4100-2_Wong,12/10/21 19:41,12/10/21 19:44,100,172,TRUE,CS4100 Artificial Intelligence (Lawson Wong),Yes,,3,5,4,5,5,5,5,5,5,2,,Computer Science and Mathematics,2,Female,No,"None, or I'm not sure",No,1,30 minutes - 1 hour,A319,cs4100,CS4100-2,True,True,True,True,True,True,True,True
86,Post-Module_Fl21_CS4100-2_Wong,12/10/21 19:51,12/10/21 19:55,100,215,TRUE,CS4100 Artificial Intelligence (Lawson Wong),Yes,,4,5,2,5,4,5,5,5,5,5,More interactive activities,Computer Science,2,Male,No,PHIL 1145: Technology and Human Values,No,1,Less than 30 minutes,A382,cs4100,CS4100-2,True,True,True,True,True,True,True,True
87,Post-Module_Fl21_CS4100-2_Wong,12/10/21 20:23,12/10/21 20:26,100,156,TRUE,CS4100 Artificial Intelligence (Lawson Wong),Yes,,5,5,1,5,2,5,5,5,5,3,"Not particularly, I thought it was very interesting and in-class discussions bolstered some of the takeaways for me",Computer Science/Music Technology,3,Male,I'm not sure,"None, or I'm not sure",No,2,30 minutes - 1 hour,A189,cs4100,CS4100-2,True,True,True,True,True,True,True,True
89,Post-Module_Fl21_CS4100-2_Wong,12/10/21 22:19,12/10/21 22:23,100,254,TRUE,CS4100 Artificial Intelligence (Lawson Wong),Yes,,4,5,1,4,5,5,4,4,4,4,,Computer Science,2,Male,No,SOCL 4528: Computers and Society,No,2,2 - 3 hours,A281,cs4100,CS4100-2,True,True,True,True,True,True,True,True
90,Post-Module_Fl21_CS4100-2_Wong,12/10/21 23:03,12/10/21 23:06,100,187,TRUE,CS4100 Artificial Intelligence (Lawson Wong),Yes,,4,4,1,5,5,5,5,5,4,1,Nope. I enjoyed the in-class activities we did and I feel like I learned a lot.,Computer Science,3,Male,I'm not sure,"None, or I'm not sure",No,2,1 -2 hours,A308,cs4100,CS4100-2,True,True,True,True,True,True,True,True
91,Post-Module_Fl21_CS4100-2_Wong,12/10/21 23:34,12/10/21 23:37,100,220,TRUE,CS4100 Artificial Intelligence (Lawson Wong),Yes,,4,5,1,4,1,3,3,3,3,2,Not particularly. I think I would have found it very useful however I have already covered very similar content in another course (PHIL 1145 - Technology and Human Values) so I think I did not gain too much from the module despite finding it interesting nonetheless.,Computer Science,3,Male,Yes,PHIL 1145: Technology and Human Values,No,1,Less than 30 minutes,A373,cs4100,CS4100-2,True,True,True,True,True,True,True,True
94,Post-Module_Fl21_CS4120_Muzny,10/14/21 15:36,10/14/21 15:39,100,168,TRUE,CS4120 Natural Language Processing (Felix Muzny),Yes,,2,4,1,4,3,3,4,4,2,1,,Computer Science,5+,Male,No,PHIL 1145: Technology and Human Values,No,2,Less than 30 minutes,A400,cs4120,CS4120-1,True,True,True,True,True,True,True,True
98,Post-Module_Fl21_CS4120_Muzny,10/14/21 15:44,10/14/21 15:47,100,169,TRUE,"CS4120 Natural Language Processing (Felix Muzny),DS 4400 Machine Learning & Data Mining (Ehsan Elhamifar)",Yes,,5,5,1,5,5,4,5,4,4,3,,CS with concentration in AI,3,Male,Yes,PHIL 1145: Technology and Human Values,Yes,2,30 minutes - 1 hour,A411,cs4120,CS4120-1,True,True,True,True,True,True,True,True
99,Post-Module_Fl21_CS4120_Muzny,10/14/21 15:44,10/14/21 15:54,100,595,TRUE,CS4120 Natural Language Processing (Felix Muzny),Yes,,4,4,3,5,3,4,4,4,4,4,-,Artificial Intelligence,4,Male,No,"None, or I'm not sure",No,2,Less than 30 minutes,A238,cs4120,CS4120-1,True,True,True,True,True,True,True,True
100,Post-Module_Fl21_CS4120_Muzny,10/14/21 15:36,10/14/21 16:09,100,2006,TRUE,CS4120 Natural Language Processing (Felix Muzny),Yes,,5,5,2,5,5,5,5,5,5,3,,Computer Science,3,Male,Yes,PHIL 1145: Technology and Human Values,No,1,Less than 30 minutes,A206,cs4120,CS4120-1,True,True,True,True,True,True,True,True
106,Post-Module_Fl21_CS4120_Muzny,10/14/21 19:26,10/14/21 19:29,100,172,TRUE,CS4120 Natural Language Processing (Felix Muzny),Yes,,5,5,1,5,4,4,3,3,3,3,,Computer Science,3,Male,No,PHIL 1145: Technology and Human Values,No,2,Less than 30 minutes,A85,cs4120,CS4120-1,True,True,True,True,True,True,True,True
107,Post-Module_Fl21_CS4120_Muzny,10/14/21 20:03,10/14/21 20:06,100,178,TRUE,CS4120 Natural Language Processing (Felix Muzny),Yes,,3,5,1,4,5,4,5,4,3,3,,Computer Science,5+,Male,I'm not sure,PHIL 1145: Technology and Human Values,Yes,1,Less than 30 minutes,A219,cs4120,CS4120-1,True,True,True,True,True,True,True,True
110,Post-Module_Fl21_CS4120_Muzny,10/15/21 7:59,10/15/21 8:01,100,142,TRUE,CS4120 Natural Language Processing (Felix Muzny),Yes,,4,5,1,4,5,2,3,3,3,1,,Computer Science,3,Male,I'm not sure,PHIL 1145: Technology and Human Values,I'm not sure,2,Less than 30 minutes,A385,cs4120,CS4120-1,True,True,True,True,True,True,True,True
111,Post-Module_Fl21_CS4120_Muzny,10/15/21 8:02,10/15/21 8:04,100,151,TRUE,CS4120 Natural Language Processing (Felix Muzny),Yes,,5,5,1,5,3,5,4,5,4,3,,Computer Science and Cognitive Psychology,3,Male,No,"INSH 2102: Bostonography: The City through Data, Texts, Maps, and Networks",No,2,Less than 30 minutes,A339,cs4120,CS4120-1,True,True,True,True,True,True,True,True
115,Post-Module_Fl21_CS4120_Muzny,10/15/21 8:01,10/15/21 8:06,100,302,TRUE,CS4120 Natural Language Processing (Felix Muzny),Yes,,2,5,2,5,4,5,5,5,5,3,"I wish it were possible to convert the module into something more integrated into the curriculum rather than having a day where we discuss the ethical concerns from technology. I think it was pretty apparent in my class that many of the people in this class have trouble understanding why something might be harmful, thus, introducing these topics earlier would likely help us grow as more ethical programmers. ",Computer Science,4,Female,Yes,PHIL 1145: Technology and Human Values,No,1,2 - 3 hours,A45,cs4120,CS4120-1,True,True,True,True,True,True,True,True
116,Post-Module_Fl21_CS4120_Muzny,10/15/21 8:03,10/15/21 8:07,100,195,TRUE,"CS4120 Natural Language Processing (Felix Muzny),DS 4400 Machine Learning & Data Mining (Ehsan Elhamifar)",Yes,,3,4,2,4,3,5,5,4,4,3,,1,2,Male,No,PHIL 1145: Technology and Human Values,No,1,Less than 30 minutes,A426,cs4120,CS4120-1,True,True,True,True,True,True,True,True
117,Post-Module_Fl21_CS4120_Muzny,10/15/21 8:02,10/15/21 8:07,100,310,TRUE,CS4120 Natural Language Processing (Felix Muzny),Yes,,4,5,2,5,4,4,5,5,5,3,"None,",Computer Science/Computer Engineering,3,Male,No,"None, or I'm not sure",No,1,1 -2 hours,A315,cs4120,CS4120-1,True,True,True,True,True,True,True,True
118,Post-Module_Fl21_CS4120_Muzny,10/15/21 8:05,10/15/21 8:08,100,182,TRUE,CS4120 Natural Language Processing (Felix Muzny),Yes,,3,5,1,5,1,2,2,2,2,2,actually address issues of discrimination and in KCIS like how matthias still has a job instead of just having this performative module,computer science,5+,Prefer not to disclose,No,PHIL 1145: Technology and Human Values,No,1,Less than 30 minutes,A88,cs4120,CS4120-1,True,True,True,True,True,True,True,True
119,Post-Module_Fl21_CS4120_Muzny,10/15/21 8:03,10/15/21 8:08,100,317,TRUE,CS4120 Natural Language Processing (Felix Muzny),Yes,,5,5,2,5,3,4,4,4,4,1,,AI (Technical Uni of Denmark),3,Male,No,"None, or I'm not sure",No,2,Less than 30 minutes,A46,cs4120,CS4120-1,True,True,True,True,True,True,True,True
123,Post-Module_Fl21_CS4120_Muzny,10/15/21 8:53,10/15/21 8:56,100,214,TRUE,CS4120 Natural Language Processing (Felix Muzny),Yes,,5,5,1,5,1,2,2,4,2,1,"I think more explicit examples, research, and case studies could be used. I also think real life (not hypothetical)  examples relating to race and ethnicity should be used. Making up a story about someone going for an interview at an orchestra is not nearly as effective as telling a real story about someone that something similar happened too, in my opinion.",Computer Science and Linguistics,4,Female,No,PHIL 1145: Technology and Human Values,No,1,Less than 30 minutes,A357,cs4120,CS4120-1,True,True,True,True,True,True,True,True
124,Post-Module_Fl21_CS4550_Annunziato,12/8/21 10:03,12/8/21 10:07,100,212,TRUE,CS4550 Web Development (Jose Annunziato),Yes,,4,5,1,5,5,4,5,5,4,4,,Cybersecurity,5+,Male,I'm not sure,"None, or I'm not sure",I'm not sure,1,1 -2 hours,A355,cs4550,CS4550-1,True,True,True,True,True,True,True,True
125,Post-Module_Fl21_CS4550_Annunziato,12/8/21 10:03,12/8/21 10:10,100,384,TRUE,CS4550 Web Development (Jose Annunziato),Yes,,4,4,1,5,5,4,4,3,2,2,,Computer Science,4,Male,I'm not sure,PHIL 1145: Technology and Human Values,No,1,Less than 30 minutes,A135,cs4550,CS4550-1,True,True,True,True,True,True,True,True
128,Post-Module_Fl21_CS4550_Annunziato,12/8/21 10:10,12/8/21 10:13,100,190,TRUE,CS4550 Web Development (Jose Annunziato),Yes,,5,5,1,5,2,5,5,5,4,4,,Computer Science and Criminal Justice,2,Male,No,"None, or I'm not sure",No,2,Less than 30 minutes,A126,cs4550,CS4550-1,True,True,True,True,True,True,True,True
129,Post-Module_Fl21_CS4550_Annunziato,12/8/21 10:17,12/8/21 10:20,100,142,TRUE,CS4550 Web Development (Jose Annunziato),Yes,,4,4,1,5,2,4,4,4,2,4,,Computer Science,3,Female,No,PHIL 1145: Technology and Human Values,No,2,Less than 30 minutes,A394,cs4550,CS4550-1,True,True,True,True,True,True,True,True
130,Post-Module_Fl21_CS4550_Annunziato,12/8/21 10:29,12/8/21 10:33,100,244,TRUE,CS4550 Web Development (Jose Annunziato),Yes,,5,5,1,5,5,4,4,4,4,3,"It may be useful to introduce this module slightly earlier on in the curriculum rather than at the very end. I think that especially nowadays, this information is crucial for students to not only know of, but also to be thinking about constantly when making design decisions across the curriculum. Tacking it on at the end frames this as more of an afterthought and I think minimizes the importance of it.",Computer Science,5+,Male,No,PHIL 1145: Technology and Human Values,No,2,Less than 30 minutes,A3,cs4550,CS4550-1,True,True,True,True,True,True,True,True
131,Post-Module_Fl21_CS4550_Annunziato,12/8/21 10:47,12/8/21 10:49,100,106,TRUE,CS4550 Web Development (Jose Annunziato),Yes,,4,5,2,5,5,5,5,5,4,3,,Computer Science,2,Female,No,"None, or I'm not sure",No,1,Less than 30 minutes,A139,cs4550,CS4550-1,True,True,True,True,True,True,True,True
132,Post-Module_Fl21_CS4550_Annunziato,12/8/21 10:49,12/8/21 10:51,100,127,TRUE,CS4550 Web Development (Jose Annunziato),Yes,,5,5,2,5,2,3,3,3,3,3,Make it more available to all khoury students.,Computer Science and Math,3,Male,No,PHIL 1145: Technology and Human Values,Yes,1,1 -2 hours,A297,cs4550,CS4550-1,True,True,True,True,True,True,True,True
134,Post-Module_Fl21_CS4550_Annunziato,12/8/21 10:56,12/8/21 10:59,100,178,TRUE,CS4550 Web Development (Jose Annunziato),Yes,,4,5,1,5,2,5,5,5,4,3,,Computer Science and Business Administration,2,Male,Yes,PHIL 1145: Technology and Human Values,Yes,2,2 - 3 hours,A249,cs4550,CS4550-1,True,True,True,True,True,True,True,True
136,Post-Module_Fl21_CS4550_Annunziato,12/8/21 11:40,12/8/21 11:42,100,125,TRUE,CS4550 Web Development (Jose Annunziato),Yes,,5,5,2,5,1,5,5,5,5,2,,Computer science,4,Female,No,PHIL 1145: Technology and Human Values,No,1,1 -2 hours,A96,cs4550,CS4550-1,True,True,True,True,True,True,True,True
137,Post-Module_Fl21_CS4550_Annunziato,12/8/21 12:01,12/8/21 12:04,100,152,TRUE,CS4550 Web Development (Jose Annunziato),Yes,,5,4,1,5,1,4,3,4,4,2,,"Computer Science, Interaction Design",3,Male,I'm not sure,"None, or I'm not sure",No,2,1 -2 hours,A29,cs4550,CS4550-1,True,True,True,True,True,True,True,True
140,Post-Module_Fl21_CS4550_Annunziato,12/8/21 12:52,12/8/21 12:57,100,293,TRUE,CS4550 Web Development (Jose Annunziato),Yes,,5,5,1,5,1,4,4,4,4,3,,computer science,2,Female,No,"None, or I'm not sure",No,2,Less than 30 minutes,A264,cs4550,CS4550-1,True,True,True,True,True,True,True,True
141,Post-Module_Fl21_CS4550_Annunziato,12/8/21 13:40,12/8/21 13:52,100,705,TRUE,CS4550 Web Development (Jose Annunziato),Yes,,5,5,1,5,2,4,4,4,4,2,,Computer Science,5+,Male,Yes,PHIL 1145: Technology and Human Values,No,2,30 minutes - 1 hour,A115,cs4550,CS4550-1,True,True,True,True,True,True,True,True
142,Post-Module_Fl21_CS4550_Annunziato,12/8/21 13:55,12/8/21 13:58,100,214,TRUE,CS4550 Web Development (Jose Annunziato),Yes,,2,5,2,5,5,5,5,4,4,3,,Computer Science/Design,4,Female,No,PHIL 1145: Technology and Human Values,Yes,1,Less than 30 minutes,A421,cs4550,CS4550-1,True,True,True,True,True,True,True,True
143,Post-Module_Fl21_CS4550_Annunziato,12/8/21 16:07,12/8/21 16:10,100,176,TRUE,CS4550 Web Development (Jose Annunziato),Yes,,3,3,3,3,3,3,3,3,3,3,,CS,4,Male,Yes,"None, or I'm not sure",Yes,1,More than 3 hours,A370,cs4550,CS4550-1,True,True,True,True,True,True,True,True
144,Post-Module_Fl21_CS4550_Annunziato,12/8/21 16:49,12/8/21 17:11,100,1376,TRUE,CS4550 Web Development (Jose Annunziato),Yes,,4,5,1,5,3,4,3,3,3,3,,Computer Science,4,Male,No,"None, or I'm not sure",I'm not sure,1,1 -2 hours,A404,cs4550,CS4550-1,True,True,True,True,True,True,True,True
150,Post-Module_Fl21_CS4550_Annunziato,12/8/21 23:36,12/8/21 23:38,100,97,TRUE,CS4550 Web Development (Jose Annunziato),Yes,,4,5,2,5,5,4,5,5,5,4,,Computer Science ,4,Female,No,PHIL 1145: Technology and Human Values,No,1,1 -2 hours,A19,cs4550,CS4550-1,True,True,True,True,True,True,True,True
151,Post-Module_Fl21_CS4550_Annunziato,12/8/21 23:35,12/8/21 23:39,100,225,TRUE,CS4550 Web Development (Jose Annunziato),Yes,,3,5,1,5,5,4,4,4,4,3,,computer science,3,Male,I'm not sure,PHIL 1145: Technology and Human Values,Yes,2,1 -2 hours,A367,cs4550,CS4550-1,True,True,True,True,True,True,True,True
164,Post-Module_Fl21_CS4550_Annunziato,12/9/21 10:09,12/9/21 10:12,100,195,TRUE,CS4550 Web Development (Jose Annunziato),Yes,,4,4,1,4,5,3,4,4,3,1,,CS + Game Dev,3,Male,No,PHIL 1145: Technology and Human Values,No,2,30 minutes - 1 hour,A15,cs4550,CS4550-1,True,True,True,True,True,True,True,True
167,Post-Module_Fl21_CS4550_Annunziato,12/9/21 11:28,12/9/21 11:40,100,682,TRUE,CS4550 Web Development (Jose Annunziato),Yes,,5,5,1,5,4,5,5,5,5,4,,Computer Science,3,Male,Yes,PHIL 1145: Technology and Human Values,Yes,1,Less than 30 minutes,A245,cs4550,CS4550-1,True,True,True,True,True,True,True,True
169,Post-Module_Fl21_CS4550_Annunziato,12/9/21 12:00,12/9/21 12:03,100,144,TRUE,CS4550 Web Development (Jose Annunziato),Yes,,3,4,3,4,4,4,4,3,3,3,,CS and Econ,2,Male,I'm not sure,"None, or I'm not sure",Yes,2,Less than 30 minutes,A379,cs4550,CS4550-1,True,True,True,True,True,True,True,True
170,Post-Module_Fl21_CS4550_Annunziato,12/9/21 12:45,12/9/21 12:47,100,111,TRUE,CS4550 Web Development (Jose Annunziato),Yes,,5,5,1,5,4,4,4,4,4,2,,Computer Science,3,Male,Yes,PHIL 1145: Technology and Human Values,Yes,1,Less than 30 minutes,A87,cs4550,CS4550-1,True,True,True,True,True,True,True,True
175,Post-Module_Fl21_CS4550_Annunziato,12/9/21 15:23,12/9/21 15:28,100,294,TRUE,CS4550 Web Development (Jose Annunziato),Yes,,2,4,1,4,2,4,4,4,3,2,,Computer Science and Media Arts,3,Female,I'm not sure,PHIL 1145: Technology and Human Values,Yes,2,Less than 30 minutes,A169,cs4550,CS4550-1,True,True,True,True,True,True,True,True
178,Post-Module_Fl21_CS4550_Annunziato,12/9/21 17:00,12/9/21 17:03,100,204,TRUE,CS4550 Web Development (Jose Annunziato),Yes,,5,5,2,5,5,3,4,4,3,1,,Data Science,3,Male,No,"CY 5240: Cyberlaw: Privacy, Ethics, and Digital Rights",No,2,1 -2 hours,A299,cs4550,CS4550-1,True,True,True,True,True,True,True,True
190,Post-Module_Fl21_CY2550-1_Miazi_TR,10/14/21 19:09,10/14/21 19:11,100,128,TRUE,CY2550 Foundations of Cybersecurity (Sakib Miazi),Yes,,5,5,2,5,5,5,5,5,5,4,,Computer Science & Math,4,Female,No,PHIL 1145: Technology and Human Values,No,1,Less than 30 minutes,A80,cy2550,CY2550-1,True,True,True,True,True,True,True,True
192,Post-Module_Fl21_CY2550-1_Miazi_TR,10/14/21 19:08,10/14/21 19:15,100,436,TRUE,CY2550 Foundations of Cybersecurity (Sakib Miazi),Yes,,5,5,2,5,5,5,5,5,4,3,Could be an interesting experience to reflect on our own projects and reflect how  we have taken or ignored ethics/values in our own design decisions.,Computer Science,2,Male,No,"None, or I'm not sure",No,1,30 minutes - 1 hour,A119,cy2550,CY2550-1,True,True,True,True,True,True,True,True
197,Post-Module_Fl21_CY2550-1_Miazi_TR,10/14/21 19:24,10/14/21 19:26,100,123,TRUE,CY2550 Foundations of Cybersecurity (Sakib Miazi),Yes,,4,5,1,4,1,4,4,3,4,3,,CS,3,Female,No,PHIL 1145: Technology and Human Values,No,1,1 -2 hours,A112,cy2550,CY2550-1,True,True,True,True,True,True,True,True
198,Post-Module_Fl21_CY2550-1_Miazi_TR,10/14/21 19:42,10/14/21 19:44,100,101,TRUE,CY2550 Foundations of Cybersecurity (Sakib Miazi),Yes,,4,4,2,4,1,3,3,3,3,1,,Computer Science,3,Male,No,PHIL 1145: Technology and Human Values,Yes,1,1 -2 hours,A220,cy2550,CY2550-1,True,True,True,True,True,True,True,True
199,Post-Module_Fl21_CY2550-1_Miazi_TR,10/14/21 19:43,10/14/21 19:47,100,255,TRUE,CY2550 Foundations of Cybersecurity (Sakib Miazi),Yes,,2,4,1,5,5,4,4,3,4,1,I thought the lecture was very fun and engaging. Maybe having a week then a project may have been better as we would be able to better analyze our Ethical Models for different issues.,Computer Science,3,Prefer not to disclose,No,PHIL 1145: Technology and Human Values,No,1,30 minutes - 1 hour,A74,cy2550,CY2550-1,True,True,True,True,True,True,True,True
200,Post-Module_Fl21_CY2550-1_Miazi_TR,10/14/21 20:08,10/14/21 20:11,100,176,TRUE,CY2550 Foundations of Cybersecurity (Sakib Miazi),Yes,,5,4,1,5,5,4,5,4,4,3,,CS,2,Male,No,PHIL 1145: Technology and Human Values,No,1,Less than 30 minutes,A98,cy2550,CY2550-1,True,True,True,True,True,True,True,True
203,Post-Module_Fl21_CY2550-1_Miazi_TR,10/14/21 21:07,10/14/21 21:13,100,386,TRUE,CY2550 Foundations of Cybersecurity (Sakib Miazi),Yes,,2,4,2,4,4,4,4,4,4,4,,Computer Science and Math,2,Male,No,PHIL 1145: Technology and Human Values,No,1,Less than 30 minutes,A316,cy2550,CY2550-1,True,True,True,True,True,True,True,True
204,Post-Module_Fl21_CY2550-1_Miazi_TR,10/14/21 22:03,10/14/21 22:10,100,406,TRUE,CY2550 Foundations of Cybersecurity (Sakib Miazi),Yes,,4,5,4,4,5,4,4,5,4,2,,Computer Science ,2,Male,No,"None, or I'm not sure",Yes,1,Less than 30 minutes,A259,cy2550,CY2550-1,True,True,True,True,True,True,True,True
206,Post-Module_Fl21_CY2550-1_Miazi_TR,10/14/21 22:00,10/14/21 22:27,100,1607,TRUE,CY2550 Foundations of Cybersecurity (Sakib Miazi),Yes,,4,4,2,4,4,4,4,3,3,2,,Computer Science,2,Male,No,SOCL 4528: Computers and Society,No,1,Less than 30 minutes,A216,cy2550,CY2550-1,True,True,True,True,True,True,True,True
210,Post-Module_Fl21_CY2550-1_Miazi_TR,10/14/21 22:58,10/14/21 23:01,100,167,TRUE,CY2550 Foundations of Cybersecurity (Sakib Miazi),Yes,,5,4,2,5,5,4,4,4,4,4,,Computer Science,4,Male,I'm not sure,PHIL 1145: Technology and Human Values,Yes,1,Less than 30 minutes,A292,cy2550,CY2550-1,True,True,True,True,True,True,True,True
212,Post-Module_Fl21_CY2550-1_Miazi_TR,10/14/21 23:06,10/14/21 23:09,100,167,TRUE,CY2550 Foundations of Cybersecurity (Sakib Miazi),Yes,,5,5,1,5,5,5,5,5,5,5,"No, it was a great presentation!",Computer Science,2,Male,No,IS 1300/PHIL 1300: Knowledge in a Digital World,No,1,1 -2 hours,A76,cy2550,CY2550-1,True,True,True,True,True,True,True,True
213,Post-Module_Fl21_CY2550-1_Miazi_TR,10/15/21 0:33,10/15/21 0:35,100,115,TRUE,CY2550 Foundations of Cybersecurity (Sakib Miazi),Yes,,3,5,3,5,5,5,5,5,4,4,,Computer Science,5+,Male,I'm not sure,PHIL 1145: Technology and Human Values,Yes,1,30 minutes - 1 hour,A184,cy2550,CY2550-1,True,True,True,True,True,True,True,True
215,Post-Module_Fl21_CY2550-1_Miazi_TR,10/15/21 3:08,10/15/21 3:10,100,115,TRUE,CY2550 Foundations of Cybersecurity (Sakib Miazi),Yes,,5,5,1,5,5,5,5,5,4,3,,Computer Science,2,Male,No,"None, or I'm not sure",Yes,1,Less than 30 minutes,A397,cy2550,CY2550-1,True,True,True,True,True,True,True,True
216,Post-Module_Fl21_CY2550-1_Miazi_TR,10/15/21 9:38,10/15/21 9:49,100,696,TRUE,CY2550 Foundations of Cybersecurity (Sakib Miazi),Yes,,4,4,1,5,4,4,5,4,4,2,"Provide some examples of, technologies which were designed initially with the purpose of improving the wellbeing of people. But eventually, turned out bringing unwanted side effects. 

For instance, imagine this scenario: Robots are designed and released into the industries. They help to make the production more efficient. But, meanwhile, they take away jobs from a lot of people, thus making those people jobless. ",Computer Science,2,Male,No,"None, or I'm not sure",No,1,2 - 3 hours,A36,cy2550,CY2550-1,True,True,True,True,True,True,True,True
218,Post-Module_Fl21_CY2550-1_Miazi_TR,10/15/21 10:01,10/15/21 10:06,100,313,TRUE,CY2550 Foundations of Cybersecurity (Sakib Miazi),Yes,,4,5,1,4,5,3,3,3,3,2,,CS and Math,3,Male,No,PHIL 1145: Technology and Human Values,No,1,30 minutes - 1 hour,A263,cy2550,CY2550-1,True,True,True,True,True,True,True,True
219,Post-Module_Fl21_CY2550-1_Miazi_TR,10/15/21 10:19,10/15/21 10:23,100,238,TRUE,CY2550 Foundations of Cybersecurity (Sakib Miazi),Yes,,4,5,1,5,1,4,5,5,5,3,,Computer Science,4,Female,No,PHIL 1145: Technology and Human Values,No,1,1 -2 hours,A125,cy2550,CY2550-1,True,True,True,True,True,True,True,True
220,Post-Module_Fl21_CY2550-1_Miazi_TR,10/15/21 11:36,10/15/21 11:40,100,209,TRUE,"CY2550 Foundations of Cybersecurity (Sakib Miazi),DS 4400 Machine Learning & Data Mining (Ehsan Elhamifar)",Yes,,3,4,1,5,5,4,5,5,3,1,No,Computer Science,2,Male,No,PHIL 1145: Technology and Human Values,Yes,1,30 minutes - 1 hour,A6,cy2550,CY2550-1,True,True,True,True,True,True,True,True
221,Post-Module_Fl21_CY2550-1_Miazi_TR,10/15/21 11:49,10/15/21 11:51,100,149,TRUE,CY2550 Foundations of Cybersecurity (Sakib Miazi),Yes,,5,5,2,5,4,4,5,3,3,1,No,Computer Science,2,Male,I'm not sure,PHIL 1145: Technology and Human Values,Yes,1,1 -2 hours,A111,cy2550,CY2550-1,True,True,True,True,True,True,True,True
222,Post-Module_Fl21_CY2550-1_Miazi_TR,10/15/21 12:12,10/15/21 12:13,100,116,TRUE,CY2550 Foundations of Cybersecurity (Sakib Miazi),Yes,,4,5,2,5,4,4,3,4,4,1,,Computer Science,2,Male,I'm not sure,PHIL 1145: Technology and Human Values,No,1,1 -2 hours,A104,cy2550,CY2550-1,True,True,True,True,True,True,True,True
224,Post-Module_Fl21_CY2550-1_Miazi_TR,10/15/21 13:02,10/15/21 13:03,100,91,TRUE,CY2550 Foundations of Cybersecurity (Sakib Miazi),Yes,,4,4,1,4,4,4,4,4,4,1,,Computer Science,4,Male,Yes,PHIL 1145: Technology and Human Values,No,1,1 -2 hours,A401,cy2550,CY2550-1,True,True,True,True,True,True,True,True
225,Post-Module_Fl21_CY2550-1_Miazi_TR,10/15/21 15:51,10/15/21 15:58,100,434,TRUE,CY2550 Foundations of Cybersecurity (Sakib Miazi),Yes,,4,5,1,5,5,4,4,4,4,2,I do not. ,Computer Science,2,Male,No,"None, or I'm not sure",No,1,1 -2 hours,A255,cy2550,CY2550-1,True,True,True,True,True,True,True,True
226,Post-Module_Fl21_CY2550-1_Miazi_TR,10/15/21 15:54,10/15/21 15:59,100,328,TRUE,CY2550 Foundations of Cybersecurity (Sakib Miazi),Yes,,5,5,3,5,5,5,5,5,5,3,"None, I think that the content in this module is very thorough.",Computer Science,2,Male,I'm not sure,PHIL 1145: Technology and Human Values,No,1,1 -2 hours,A323,cy2550,CY2550-1,True,True,True,True,True,True,True,True
228,Post-Module_Fl21_CY2550-1_Miazi_TR,10/15/21 16:33,10/15/21 19:42,100,11372,TRUE,CY2550 Foundations of Cybersecurity (Sakib Miazi),Yes,,5,5,1,5,1,3,5,4,2,1,,Computer Sciencce,2,Female,No,"None, or I'm not sure",No,1,30 minutes - 1 hour,A71,cy2550,CY2550-1,True,True,True,True,True,True,True,True
229,Post-Module_Fl21_CY2550-1_Miazi_TR,10/15/21 21:57,10/15/21 21:59,100,97,TRUE,CY2550 Foundations of Cybersecurity (Sakib Miazi),Yes,,5,4,1,4,2,2,1,2,3,1,"Go more in depth on the philosophy rather than just giving surface level, vague considerations.",Computer Science and Cognitive Pyschology,2,Male,No,PHIL 1145: Technology and Human Values,Yes,1,Less than 30 minutes,A288,cy2550,CY2550-1,True,True,True,True,True,True,True,True
231,Post-Module_Fl21_CY2550-1_Miazi_TR,10/15/21 22:56,10/15/21 22:59,100,176,TRUE,CY2550 Foundations of Cybersecurity (Sakib Miazi),Yes,,3,4,4,3,5,4,4,4,4,4,,1,2,Male,No,IS 1300/PHIL 1300: Knowledge in a Digital World,No,2,2 - 3 hours,A244,cy2550,CY2550-1,True,True,True,True,True,True,True,True
234,Post-Module_Fl21_CY2550-1_Miazi_TR,10/15/21 23:21,10/16/21 0:19,100,3437,TRUE,CY2550 Foundations of Cybersecurity (Sakib Miazi),Yes,,5,5,1,5,4,5,5,5,5,1,"No. It was a wonderful unit and definitely opened my eyes to the ethics of computer science.
",Computer Science,2,Female,No,PHIL 1145: Technology and Human Values,No,1,30 minutes - 1 hour,A422,cy2550,CY2550-1,True,True,True,True,True,True,True,True
236,Post-Module_Fl21_CY2550-1_Miazi_TR,10/17/21 10:48,10/17/21 10:51,100,154,TRUE,CY2550 Foundations of Cybersecurity (Sakib Miazi),Yes,,5,5,1,5,5,4,4,4,4,3,,Computer science,3,Male,No,"None, or I'm not sure",No,1,1 -2 hours,A268,cy2550,CY2550-1,True,True,True,True,True,True,True,True
237,Post-Module_Fl21_CY2550-1_Miazi_TR,10/17/21 12:42,10/17/21 13:03,100,1272,TRUE,CY2550 Foundations of Cybersecurity (Sakib Miazi),Yes,,5,5,2,5,4,5,3,3,5,1,NO,Computer Science,2,Female,No,PHIL 1145: Technology and Human Values,No,1,2 - 3 hours,A428,cy2550,CY2550-1,True,True,True,True,True,True,True,True
242,Post-Module_Fl21_CY2550-1_Miazi_TR,10/17/21 15:34,10/17/21 15:36,100,113,TRUE,CY2550 Foundations of Cybersecurity (Sakib Miazi),Yes,,4,4,1,4,3,4,4,4,4,2,,Computer Science,5+,Male,No,PHIL 1145: Technology and Human Values,No,1,1 -2 hours,A227,cy2550,CY2550-1,True,True,True,True,True,True,True,True
243,Post-Module_Fl21_CY2550-1_Miazi_TR,10/17/21 17:23,10/17/21 17:25,100,118,TRUE,CY2550 Foundations of Cybersecurity (Sakib Miazi),Yes,,3,5,2,5,1,5,5,5,4,3,,Computer Science & Psych,5+,Female,No,SOCL 4528: Computers and Society,Yes,1,1 -2 hours,A55,cy2550,CY2550-1,True,True,True,True,True,True,True,True
244,Post-Module_Fl21_CY2550-1_Miazi_TR,10/17/21 18:45,10/17/21 18:47,100,154,TRUE,CY2550 Foundations of Cybersecurity (Sakib Miazi),Yes,,3,5,1,5,4,3,3,4,3,2,,CS,4,Male,No,"None, or I'm not sure",No,1,1 -2 hours,A242,cy2550,CY2550-1,True,True,True,True,True,True,True,True
245,Post-Module_Fl21_CY2550-1_Miazi_TR,10/17/21 18:59,10/17/21 19:02,100,159,TRUE,CY2550 Foundations of Cybersecurity (Sakib Miazi),Yes,,3,5,2,5,2,5,5,5,4,4,,Computer Science,3,Male,Yes,PHIL 1145: Technology and Human Values,No,1,1 -2 hours,A270,cy2550,CY2550-1,True,True,True,True,True,True,True,True
250,Post-Module_Fl21_CY2550-1_Miazi_TR,10/17/21 23:48,10/17/21 23:50,100,159,TRUE,CY2550 Foundations of Cybersecurity (Sakib Miazi),Yes,,5,5,3,5,5,5,5,5,5,2,,Computer Science,3,Male,I'm not sure,SOCL 4528: Computers and Society,No,1,30 minutes - 1 hour,A116,cy2550,CY2550-1,True,True,True,True,True,True,True,True
251,Post-Module_Fl21_CY2550-1_Miazi_TR,10/18/21 3:36,10/18/21 3:41,100,326,TRUE,CY2550 Foundations of Cybersecurity (Sakib Miazi),Yes,,5,5,1,5,2,4,4,4,4,2,,Computer Science,2,Male,No,PHIL 1145: Technology and Human Values,No,1,2 - 3 hours,A82,cy2550,CY2550-1,True,True,True,True,True,True,True,True
253,Post-Module_Fl21_CY2550-1_Miazi_TR,10/18/21 10:37,10/18/21 10:40,100,225,TRUE,CY2550 Foundations of Cybersecurity (Sakib Miazi),Yes,,5,5,1,4,1,3,4,2,2,1,,Computer Science,2,Male,Yes,"None, or I'm not sure",No,1,1 -2 hours,A124,cy2550,CY2550-1,True,True,True,True,True,True,True,True
254,Post-Module_Fl21_CY2550-1_Miazi_TR,10/18/21 11:00,10/18/21 11:02,100,124,TRUE,CY2550 Foundations of Cybersecurity (Sakib Miazi),Yes,,4,5,2,5,5,4,5,4,4,4,,Computer Engineering/Computer Science ,2,Female,No,"None, or I'm not sure",No,1,1 -2 hours,A107,cy2550,CY2550-1,True,True,True,True,True,True,True,True
264,Post-Module_Fl21_CY2550-3_Miazi_MR,10/14/21 18:59,10/14/21 19:02,100,209,TRUE,CY2550 Foundations of Cybersecurity (Sakib Miazi),Yes,,5,5,1,5,5,5,4,3,5,3,"No, it was very informational.",Computer Science,2,Female,No,PHIL 1145: Technology and Human Values,No,1,30 minutes - 1 hour,A348,cy2550,CY2550-3,True,True,True,True,True,True,True,True
266,Post-Module_Fl21_CY2550-3_Miazi_MR,10/14/21 19:10,10/14/21 19:14,100,266,TRUE,CY2550 Foundations of Cybersecurity (Sakib Miazi),Yes,,5,5,1,4,5,4,5,4,4,2,Information on how to apply these design practices in the workplace,Computer Science,3,Male,No,"None, or I'm not sure",Yes,1,Less than 30 minutes,A48,cy2550,CY2550-3,True,True,True,True,True,True,True,True
268,Post-Module_Fl21_CY2550-3_Miazi_MR,10/14/21 19:19,10/14/21 19:23,100,223,TRUE,CY2550 Foundations of Cybersecurity (Sakib Miazi),Yes,,2,5,1,4,4,4,5,4,4,2,Possibly incorporate more concrete ethical theories as well into the analysis to see where VSD fits in,Computer Science,2,Male,No,PHIL 1145: Technology and Human Values,No,1,30 minutes - 1 hour,A396,cy2550,CY2550-3,True,True,True,True,True,True,True,True
270,Post-Module_Fl21_CY2550-3_Miazi_MR,10/14/21 19:10,10/14/21 19:24,100,858,TRUE,CY2550 Foundations of Cybersecurity (Sakib Miazi),Yes,,4,5,3,5,5,3,4,4,4,3,,Computer Science + Computer Engineering ,3,Male,No,"None, or I'm not sure",No,1,Less than 30 minutes,A250,cy2550,CY2550-3,True,True,True,True,True,True,True,True
272,Post-Module_Fl21_CY2550-3_Miazi_MR,10/14/21 19:28,10/14/21 19:30,100,103,TRUE,CY2550 Foundations of Cybersecurity (Sakib Miazi),Yes,,5,5,1,5,5,5,5,4,4,2,,Computer science,2,Male,No,PHIL 1145: Technology and Human Values,No,1,2 - 3 hours,A337,cy2550,CY2550-3,True,True,True,True,True,True,True,True
273,Post-Module_Fl21_CY2550-3_Miazi_MR,10/14/21 19:31,10/14/21 19:34,100,158,TRUE,CY2550 Foundations of Cybersecurity (Sakib Miazi),Yes,,5,5,1,5,4,5,5,4,4,3,More interactive,Computer science,3,Female,No,PHIL 1145: Technology and Human Values,Yes,1,1 -2 hours,A236,cy2550,CY2550-3,True,True,True,True,True,True,True,True
274,Post-Module_Fl21_CY2550-3_Miazi_MR,10/14/21 19:48,10/14/21 19:53,100,274,TRUE,CY2550 Foundations of Cybersecurity (Sakib Miazi),Yes,,4,5,2,5,2,5,4,4,4,3,,Computer Science and Music Technology,4,Female,No,PHIL 1145: Technology and Human Values,No,1,Less than 30 minutes,A240,cy2550,CY2550-3,True,True,True,True,True,True,True,True
276,Post-Module_Fl21_CY2550-3_Miazi_MR,10/14/21 19:54,10/14/21 20:01,100,390,TRUE,CY2550 Foundations of Cybersecurity (Sakib Miazi),Yes,,4,4,1,4,4,5,5,5,4,4,,Computer Science,3,Female,No,PHIL 1145: Technology and Human Values,No,1,1 -2 hours,A145,cy2550,CY2550-3,True,True,True,True,True,True,True,True
280,Post-Module_Fl21_CY2550-3_Miazi_MR,10/14/21 20:22,10/14/21 20:25,100,204,TRUE,"CS4100 Artificial Intelligence (Lawson Wong),CY2550 Foundations of Cybersecurity (Sakib Miazi)",Yes,,5,5,2,5,4,5,4,4,2,2,,Computer Science and Cognitive Psychology,4,Female,I'm not sure,PHIL 1145: Technology and Human Values,No,1,1 -2 hours,A418,cy2550,CY2550-3,True,True,True,True,True,True,True,True
282,Post-Module_Fl21_CY2550-3_Miazi_MR,10/14/21 20:43,10/14/21 20:52,100,493,TRUE,CY2550 Foundations of Cybersecurity (Sakib Miazi),Yes,,4,5,1,4,4,3,4,2,2,1,,Computer Science,4,Male,No,PHIL 1145: Technology and Human Values,Yes,1,Less than 30 minutes,A198,cy2550,CY2550-3,True,True,True,True,True,True,True,True
284,Post-Module_Fl21_CY2550-3_Miazi_MR,10/14/21 21:20,10/14/21 21:22,100,122,TRUE,CY2550 Foundations of Cybersecurity (Sakib Miazi),Yes,,4,5,1,5,5,5,5,4,4,3,,Computer Science,2,Male,No,PHIL 1145: Technology and Human Values,No,1,Less than 30 minutes,A211,cy2550,CY2550-3,True,True,True,True,True,True,True,True
285,Post-Module_Fl21_CY2550-3_Miazi_MR,10/14/21 21:24,10/14/21 21:26,100,111,TRUE,CY2550 Foundations of Cybersecurity (Sakib Miazi),Yes,,5,5,2,4,4,5,4,4,4,3,,Computer Science,2,Male,Yes,PHIL 1145: Technology and Human Values,No,1,30 minutes - 1 hour,A295,cy2550,CY2550-3,True,True,True,True,True,True,True,True
288,Post-Module_Fl21_CY2550-3_Miazi_MR,10/14/21 22:54,10/14/21 22:57,100,133,TRUE,CY2550 Foundations of Cybersecurity (Sakib Miazi),Yes,,4,5,2,5,5,5,5,5,4,2,,Computer Science,2,Female,No,PHIL 1145: Technology and Human Values,Yes,1,Less than 30 minutes,A392,cy2550,CY2550-3,True,True,True,True,True,True,True,True
292,Post-Module_Fl21_CY2550-3_Miazi_MR,10/15/21 0:48,10/15/21 2:52,100,7404,TRUE,CY2550 Foundations of Cybersecurity (Sakib Miazi),Yes,,4,5,2,5,5,5,5,4,4,2,"It was great being able to look at the computer science field through the lens of philosophy and discuss the moral implications behind the tech field. So far, I haven't really had any real-life experience in the field like doing a co-op/internship and this is my first class on cybersecurity so I don't have too much to say except that the topic as a whole is, in my opinion, must be addressed and at least be made aware of for computer science and cybersec students.",Computer Science,2,Male,No,"None, or I'm not sure",No,1,30 minutes - 1 hour,A341,cy2550,CY2550-3,True,True,True,True,True,True,True,True
296,Post-Module_Fl21_CY2550-3_Miazi_MR,10/15/21 10:19,10/15/21 10:21,100,104,TRUE,CY2550 Foundations of Cybersecurity (Sakib Miazi),Yes,,4,5,2,5,2,5,4,5,4,3,,Computer Science,5+,Female,I'm not sure,"None, or I'm not sure",I'm not sure,1,Less than 30 minutes,A165,cy2550,CY2550-3,True,True,True,True,True,True,True,True
298,Post-Module_Fl21_CY2550-3_Miazi_MR,10/15/21 11:50,10/15/21 11:52,100,118,TRUE,CY2550 Foundations of Cybersecurity (Sakib Miazi),Yes,,4,5,2,5,5,4,4,4,4,2,No.,Computer Science,2,Female,No,PHIL 1145: Technology and Human Values,No,1,Less than 30 minutes,A151,cy2550,CY2550-3,True,True,True,True,True,True,True,True
300,Post-Module_Fl21_CY2550-3_Miazi_MR,10/15/21 12:39,10/15/21 12:42,100,162,TRUE,CY2550 Foundations of Cybersecurity (Sakib Miazi),Yes,,5,5,2,5,4,5,5,4,5,3,,Explore Program/ Computer Science,2,Male,No,"None, or I'm not sure",I'm not sure,1,1 -2 hours,A228,cy2550,CY2550-3,True,True,True,True,True,True,True,True
302,Post-Module_Fl21_CY2550-3_Miazi_MR,10/15/21 15:50,10/15/21 15:59,100,576,TRUE,CY2550 Foundations of Cybersecurity (Sakib Miazi),Yes,,3,5,1,5,5,4,4,4,4,2,,Computer Science,2,Female,No,PHIL 1145: Technology and Human Values,No,1,2 - 3 hours,A303,cy2550,CY2550-3,True,True,True,True,True,True,True,True
305,Post-Module_Fl21_CY2550-3_Miazi_MR,10/15/21 17:11,10/15/21 17:17,100,370,TRUE,CY2550 Foundations of Cybersecurity (Sakib Miazi),Yes,,5,5,1,4,5,4,5,5,5,1,,Computer Science,3,Female,Yes,"None, or I'm not sure",No,1,1 -2 hours,A97,cy2550,CY2550-3,True,True,True,True,True,True,True,True
311,Post-Module_Fl21_CY2550-3_Miazi_MR,10/15/21 19:21,10/15/21 19:26,100,334,TRUE,CY2550 Foundations of Cybersecurity (Sakib Miazi),Yes,,4,4,1,4,5,5,5,5,4,3,,Cs and Business,2,Male,No,"None, or I'm not sure",No,1,Less than 30 minutes,A286,cy2550,CY2550-3,True,True,True,True,True,True,True,True
313,Post-Module_Fl21_CY2550-3_Miazi_MR,10/15/21 19:27,10/15/21 19:44,100,993,TRUE,CY2550 Foundations of Cybersecurity (Sakib Miazi),Yes,,5,5,2,5,4,5,4,5,4,4,,Computer Science,2,Female,No,PHIL 1145: Technology and Human Values,No,1,Less than 30 minutes,A362,cy2550,CY2550-3,True,True,True,True,True,True,True,True
314,Post-Module_Fl21_CY2550-3_Miazi_MR,10/15/21 19:37,10/15/21 19:46,100,519,TRUE,CY2550 Foundations of Cybersecurity (Sakib Miazi),Yes,,5,5,1,5,5,5,4,5,5,3,,Software Dev,3,Male,No,SOCL 4528: Computers and Society,No,1,1 -2 hours,A57,cy2550,CY2550-3,True,True,True,True,True,True,True,True
321,Post-Module_Fl21_CY2550-3_Miazi_MR,10/15/21 21:17,10/16/21 9:30,100,43993,TRUE,CY2550 Foundations of Cybersecurity (Sakib Miazi),Yes,,5,4,2,4,5,4,3,2,3,2,"We just scratched the surface of it, and it really depends on how much effort students put into it. Maybe make the problem more realistic, more specific. Not just general background and ideas. ",Software/Networking,2,Male,No,"None, or I'm not sure",No,1,1 -2 hours,A61,cy2550,CY2550-3,True,True,True,True,True,True,True,True
325,Post-Module_Fl21_CY2550-3_Miazi_MR,10/16/21 22:25,10/16/21 22:27,100,118,TRUE,CY2550 Foundations of Cybersecurity (Sakib Miazi),Yes,,4,5,1,2,5,3,3,4,3,3,,Computer Science,2,Male,No,"None, or I'm not sure",No,1,1 -2 hours,A138,cy2550,CY2550-3,True,True,True,True,True,True,True,True
326,Post-Module_Fl21_CY2550-3_Miazi_MR,10/17/21 8:50,10/17/21 8:53,100,161,TRUE,CY2550 Foundations of Cybersecurity (Sakib Miazi),Yes,,3,4,2,4,1,4,3,3,3,2,,CS,2,Male,No,"None, or I'm not sure",No,1,30 minutes - 1 hour,A186,cy2550,CY2550-3,True,True,True,True,True,True,True,True
331,Post-Module_Fl21_CY2550-3_Miazi_MR,10/17/21 23:44,10/17/21 23:47,100,185,TRUE,CY2550 Foundations of Cybersecurity (Sakib Miazi),Yes,,5,5,5,5,5,5,5,5,5,5,I think the VSD module could be improved by having tiers of importance for certain aspects. We should teach the students to prioritize certain values before others.,Computer Science,2,Male,I'm not sure,IS 1300/PHIL 1300: Knowledge in a Digital World,No,1,1 -2 hours,A100,cy2550,CY2550-3,True,True,True,True,True,True,True,True
332,Post-Module_Fl21_CY2550-3_Miazi_MR,10/18/21 1:40,10/18/21 1:42,100,131,TRUE,CY2550 Foundations of Cybersecurity (Sakib Miazi),Yes,,4,5,3,5,5,5,5,5,5,3,,Computer Science,2,Male,No,PHIL 1145: Technology and Human Values,No,1,30 minutes - 1 hour,A79,cy2550,CY2550-3,True,True,True,True,True,True,True,True
336,Post-Module_Fl21_CY2550-3_Miazi_MR,10/18/21 11:49,10/18/21 12:28,100,2379,TRUE,CY2550 Foundations of Cybersecurity (Sakib Miazi),Yes,,4,4,2,5,5,4,2,4,3,2,,Computer Science,2,Female,No,PHIL 1145: Technology and Human Values,No,1,1 -2 hours,A406,cy2550,CY2550-3,True,True,True,True,True,True,True,True
338,Post-Module_Fl21_CY2550-3_Miazi_MR,10/19/21 10:06,10/19/21 10:10,100,218,TRUE,CY2550 Foundations of Cybersecurity (Sakib Miazi),Yes,,5,5,1,5,1,4,4,4,4,1,,Computer Science,3,Male,No,PHIL 1145: Technology and Human Values,No,1,30 minutes - 1 hour,A274,cy2550,CY2550-3,True,True,True,True,True,True,True,True
340,Post-Module_Fl21_CY2550-3_Miazi_MR,10/19/21 17:29,10/19/21 17:33,100,232,TRUE,CY2550 Foundations of Cybersecurity (Sakib Miazi),Yes,,5,5,3,5,3,5,5,5,5,4,"Maybe adding more ethical elements in, like different perspectives of looking (virtue ethics, utilitarian, consequentialism) ",Computer Science,2,Male,No,SOCL 4528: Computers and Society,No,1,1 -2 hours,A16,cy2550,CY2550-3,True,True,True,True,True,True,True,True
341,Post-Module_Fl21_DS4400_Elhamifar,12/6/21 11:54,12/6/21 11:56,100,126,TRUE,DS 4400 Machine Learning & Data Mining (Ehsan Elhamifar),Yes,,5,5,1,5,2,4,4,4,4,4,No,Computer Science,2,Male,No,IS 1300/PHIL 1300: Knowledge in a Digital World,No,2,Less than 30 minutes,A234,ds4400,DS4400-1,True,True,True,True,True,True,True,True
342,Post-Module_Fl21_DS4400_Elhamifar,12/6/21 11:54,12/6/21 11:56,100,118,TRUE,DS 4400 Machine Learning & Data Mining (Ehsan Elhamifar),Yes,,4,2,4,4,4,4,4,4,4,4,,Physics and Math,4,Female,No,"None, or I'm not sure",No,1,Less than 30 minutes,A78,ds4400,DS4400-1,True,True,True,True,True,True,True,True
346,Post-Module_Fl21_DS4400_Elhamifar,12/6/21 11:56,12/6/21 11:58,100,150,TRUE,DS 4400 Machine Learning & Data Mining (Ehsan Elhamifar),Yes,,4,5,2,5,2,4,4,4,4,2,"The module had a good mix of lecture material and class engagement, so it is good as is.",Data Science and Biochemistry,5+,Male,No,PHIL 1145: Technology and Human Values,No,1,2 - 3 hours,A312,ds4400,DS4400-1,True,True,True,True,True,True,True,True
347,Post-Module_Fl21_DS4400_Elhamifar,12/6/21 11:59,12/6/21 12:01,100,111,TRUE,DS 4400 Machine Learning & Data Mining (Ehsan Elhamifar),Yes,,5,4,1,5,5,4,4,4,4,2,,Computer Science,4,Male,No,PHIL 1145: Technology and Human Values,No,2,Less than 30 minutes,A5,ds4400,DS4400-1,True,True,True,True,True,True,True,True
348,Post-Module_Fl21_DS4400_Elhamifar,12/6/21 11:59,12/6/21 12:01,100,116,TRUE,DS 4400 Machine Learning & Data Mining (Ehsan Elhamifar),Yes,,4,4,3,5,3,3,4,4,4,3,,CS,4,Male,I'm not sure,PHIL 1145: Technology and Human Values,Yes,2,30 minutes - 1 hour,A267,ds4400,DS4400-1,True,True,True,True,True,True,True,True
349,Post-Module_Fl21_DS4400_Elhamifar,12/6/21 11:57,12/6/21 12:01,100,252,TRUE,DS 4400 Machine Learning & Data Mining (Ehsan Elhamifar),Yes,,4,5,2,4,4,3,4,4,4,2,"not making it required after every course, or changing it slightly every year. I took cs4100 last semester and received basically the same information at the end of that course",CS,4,Male,Yes,"PHIL 1145: Technology and Human Values,SOCL 1280: The Twenty-First-Century Workplace",No,1,Less than 30 minutes,A407,ds4400,DS4400-1,True,True,True,True,True,True,True,True
353,Post-Module_Fl21_DS4400_Elhamifar,12/6/21 11:55,12/6/21 12:04,100,577,TRUE,DS 4400 Machine Learning & Data Mining (Ehsan Elhamifar),Yes,,4,5,1,4,5,4,4,3,3,2,"It was interesting, but I would've liked to see more concrete ways to actually address the problems (potentially as it relates to the specific course). I feel like most students already somewhat knew the content of the module, but I still am not really sure of specific methods through which to address these issues, besides just acknowledging that they exist and ""trying to account for that."" It felt like we spent more time just defining relevant terms and issues than actually learning how to address ethical concerns with machine learning and AI",Computer Science,3,Male,No,PHIL 1145: Technology and Human Values,No,1,Less than 30 minutes,A205,ds4400,DS4400-1,True,True,True,True,True,True,True,True
355,Post-Module_Fl21_DS4400_Elhamifar,12/6/21 12:21,12/6/21 12:24,100,161,TRUE,DS 4400 Machine Learning & Data Mining (Ehsan Elhamifar),Yes,,5,5,1,5,5,5,5,5,4,2,,Computer Science,3,Male,I'm not sure,PHIL 1145: Technology and Human Values,No,1,Less than 30 minutes,A137,ds4400,DS4400-1,True,True,True,True,True,True,True,True
356,Post-Module_Fl21_DS4400_Elhamifar,12/6/21 12:01,12/6/21 12:28,100,1619,TRUE,DS 4400 Machine Learning & Data Mining (Ehsan Elhamifar),Yes,,2,5,1,5,4,5,5,4,4,3,,Data Science,5+,Female,No,PHIL 1145: Technology and Human Values,Yes,2,Less than 30 minutes,A4,ds4400,DS4400-1,True,True,True,True,True,True,True,True
357,Post-Module_Fl21_DS4400_Elhamifar,12/6/21 12:22,12/6/21 12:32,100,578,TRUE,DS 4400 Machine Learning & Data Mining (Ehsan Elhamifar),Yes,,4,4,1,4,2,2,2,3,3,2,"It was fine, very corporate as is everything with NEU. I really didn't need it but I know some people might. The game about hiring algorithms was really bad though, another student pointed out a problem with it so I tested it and it doesn't actually reflect your input properly, you can make a point of rejecting all orange applicants and accepting all blue applicants until you fill all positions and it will still tell you that you manually hired more orange than blue.",Data Science,5+,Female,I'm not sure,"None, or I'm not sure",No,2,Less than 30 minutes,A146,ds4400,DS4400-1,True,True,True,True,True,True,True,True
358,Post-Module_Fl21_DS4400_Elhamifar,12/6/21 12:37,12/6/21 12:40,100,180,TRUE,DS 4400 Machine Learning & Data Mining (Ehsan Elhamifar),Yes,,4,5,2,5,5,5,5,4,5,3,,Computer Science,4,Male,Yes,"None, or I'm not sure",No,2,30 minutes - 1 hour,A177,ds4400,DS4400-1,True,True,True,True,True,True,True,True
359,Post-Module_Fl21_DS4400_Elhamifar,12/6/21 12:41,12/6/21 12:43,100,122,TRUE,DS 4400 Machine Learning & Data Mining (Ehsan Elhamifar),Yes,,4,4,1,4,5,4,4,2,4,1,,Computer Science,3,Male,Yes,PHIL 1145: Technology and Human Values,No,1,Less than 30 minutes,A204,ds4400,DS4400-1,True,True,True,True,True,True,True,True
360,Post-Module_Fl21_DS4400_Elhamifar,12/6/21 12:49,12/6/21 12:52,100,167,TRUE,DS 4400 Machine Learning & Data Mining (Ehsan Elhamifar),Yes,,5,5,1,5,4,4,4,4,4,3,"Perhaps more of the mathematical approaches to possible solutions would be interesting. The sentiment of what was being presented are things that I have been aware of to some extent for some time, but I don't have much of an idea of how experts are looking to mitigate the effects of bias.",Computer Science,2,Male,No,"None, or I'm not sure",Yes,2,Less than 30 minutes,A429,ds4400,DS4400-1,True,True,True,True,True,True,True,True
366,Post-Module_Fl21_DS4400_Elhamifar,12/6/21 13:27,12/6/21 13:29,100,152,TRUE,DS 4400 Machine Learning & Data Mining (Ehsan Elhamifar),Yes,,3,5,1,5,5,3,4,3,3,3,,Computer Science,3,Male,Yes,SOCL 4528: Computers and Society,Yes,3 or more,More than 3 hours,A364,ds4400,DS4400-1,True,True,True,True,True,True,True,True
367,Post-Module_Fl21_DS4400_Elhamifar,12/6/21 14:36,12/6/21 14:39,100,163,TRUE,DS 4400 Machine Learning & Data Mining (Ehsan Elhamifar),Yes,,5,5,2,4,2,4,5,4,3,2,,Computer Science,2,Male,No,PHIL 1145: Technology and Human Values,No,2,30 minutes - 1 hour,A207,ds4400,DS4400-1,True,True,True,True,True,True,True,True
368,Post-Module_Fl21_DS4400_Elhamifar,12/6/21 14:49,12/6/21 14:52,100,178,TRUE,DS 4400 Machine Learning & Data Mining (Ehsan Elhamifar),Yes,,4,5,2,5,4,4,5,4,5,2,,Computer Science,3,Male,I'm not sure,PHIL 1145: Technology and Human Values,Yes,1,Less than 30 minutes,A175,ds4400,DS4400-1,True,True,True,True,True,True,True,True
370,Post-Module_Fl21_DS4400_Elhamifar,12/6/21 14:59,12/6/21 15:02,100,142,TRUE,DS 4400 Machine Learning & Data Mining (Ehsan Elhamifar),Yes,,5,5,1,5,4,5,5,5,5,5,,Data Science and Economics,4,Female,No,"None, or I'm not sure",No,2,Less than 30 minutes,A44,ds4400,DS4400-1,True,True,True,True,True,True,True,True
371,Post-Module_Fl21_DS4400_Elhamifar,12/6/21 15:00,12/6/21 15:04,100,232,TRUE,DS 4400 Machine Learning & Data Mining (Ehsan Elhamifar),Yes,,4,5,1,5,4,4,4,4,4,4,,Computer Science and Business,4,Male,Yes,PHIL 1145: Technology and Human Values,No,1,Less than 30 minutes,A200,ds4400,DS4400-1,True,True,True,True,True,True,True,True
373,Post-Module_Fl21_DS4400_Elhamifar,12/6/21 15:54,12/6/21 15:56,100,155,TRUE,DS 4400 Machine Learning & Data Mining (Ehsan Elhamifar),Yes,,3,5,2,5,1,4,5,5,4,4,,"Business/Economics, Minor Data Science",3,Male,No,"None, or I'm not sure",No,1,Less than 30 minutes,A386,ds4400,DS4400-1,True,True,True,True,True,True,True,True
376,Post-Module_Fl21_DS4400_Elhamifar,12/6/21 15:16,12/6/21 16:09,100,3231,TRUE,DS 4400 Machine Learning & Data Mining (Ehsan Elhamifar),Yes,,4,4,1,5,4,5,5,5,5,3,,Computer Science,2,Male,No,"None, or I'm not sure",Yes,2,Less than 30 minutes,A7,ds4400,DS4400-1,True,True,True,True,True,True,True,True
377,Post-Module_Fl21_DS4400_Elhamifar,12/6/21 16:54,12/6/21 16:56,100,123,TRUE,DS 4400 Machine Learning & Data Mining (Ehsan Elhamifar),Yes,,4,5,1,5,4,4,3,3,3,2,,Cybersecurity,5+,Male,No,"CY 5240: Cyberlaw: Privacy, Ethics, and Digital Rights,PHIL 1145: Technology and Human Values",Yes,2,Less than 30 minutes,A173,ds4400,DS4400-1,True,True,True,True,True,True,True,True
378,Post-Module_Fl21_DS4400_Elhamifar,12/6/21 17:29,12/6/21 17:39,100,555,TRUE,DS 4400 Machine Learning & Data Mining (Ehsan Elhamifar),Yes,,5,5,1,4,5,4,4,4,3,1,,Computer Science,3,Male,Yes,PHIL 1145: Technology and Human Values,No,2,Less than 30 minutes,A427,ds4400,DS4400-1,True,True,True,True,True,True,True,True
381,Post-Module_Fl21_DS4400_Elhamifar,12/6/21 18:33,12/6/21 18:43,100,566,TRUE,DS 4400 Machine Learning & Data Mining (Ehsan Elhamifar),Yes,,5,5,1,5,4,5,4,5,5,3,,Computer Science,2,Male,No,"None, or I'm not sure",No,2,Less than 30 minutes,A49,ds4400,DS4400-1,True,True,True,True,True,True,True,True
382,Post-Module_Fl21_DS4400_Elhamifar,12/6/21 18:34,12/6/21 18:43,100,571,TRUE,DS 4400 Machine Learning & Data Mining (Ehsan Elhamifar),Yes,,5,5,1,5,2,4,5,4,4,2,I do not believe I have any suggestions for how the Value Sensitive Design module could be improved.,Computer Science,2,Male,No,"None, or I'm not sure",No,1,Less than 30 minutes,A121,ds4400,DS4400-1,True,True,True,True,True,True,True,True
390,Post-Module_Fl21_DS4400_Elhamifar,12/8/21 14:41,12/8/21 14:43,100,154,TRUE,DS 4400 Machine Learning & Data Mining (Ehsan Elhamifar),Yes,,5,5,1,5,4,5,5,4,5,3,,comp sci,2,Male,Yes,PHIL 1145: Technology and Human Values,No,2,30 minutes - 1 hour,A27,ds4400,DS4400-1,True,True,True,True,True,True,True,True
391,Post-Module_Fl21_DS4400_Elhamifar,12/8/21 17:13,12/8/21 17:18,100,326,TRUE,DS 4400 Machine Learning & Data Mining (Ehsan Elhamifar),Yes,,3,5,1,4,2,4,5,4,4,2,,Computer Science,3,Male,I'm not sure,PHIL 1145: Technology and Human Values,I'm not sure,1,Less than 30 minutes,A221,ds4400,DS4400-1,True,True,True,True,True,True,True,True
